Domain,Location on Site
bandainamcoent.com,store.bandainamcoent.com
bard.edu,store.bgc.bard.edu
baseballhall.org,shop.baseballhall.org
bc.edu,jesuitsources.bc.edu
benjerry.com,store.benjerry.com
bidfta.com,marketplace.bidfta.com;checkout.bidfta.com
bigcommerce.com,bigcommerce.com
biggreenegg.com,biggreenegg.com
bonton.com,bonton.com
botach.com,botach.com
braun.com,shop.braun.com;us.braun.com
bravocompanyusa.com,bravocompanyusa.com
brickhousesecurity.com,brickhousesecurity.com
bulkapothecary.com,bulkapothecary.com
canidae.com,canidae.com
care.org,gifts.care.org
cariloha.com,cariloha.com
catholic.com,shop.catholic.com
cfainstitute.org,store.cfainstitute.org/*
christianitytoday.com,store.christianitytoday.com
clubpilates.com,store.clubpilates.com
coldsteel.com,coldsteel.com
colonialwilliamsburg.com,shop.colonialwilliamsburg.com
conns.com,conns.com
crest.com,crest.com
k5learning.com,store.k5learning.com
kabalarians.com,kabalarians.com
kegworks.com,kegworks.com
kingshawaiian.com,kingshawaiian.com
nationalww2museum.org,store.nationalww2museum.org
naturallycurly.com,shop.naturallycurly.com
newengland.com,store.newengland.com
norml.org,store.norml.org
nyra.com,shop.nyra.com
odmp.org,store.odmp.org
olay.com,olay.com
oldtowntequila.com,oldtowntequila.com
olemisssports.com,shop.olemisssports.com
oralb.com,oralb.com
outdoorlimited.com,outdoorlimited.com
the18.com,shop.the18.com
thecbdistillery.com,thecbdistillery.com
theliquorbarn.com,theliquorbarn.com
thepondguy.com,thepondguy.com
thermoworks.com,thermoworks.com
thormotorcoach.com,thormotorcoach.com
tommyjohn.com,checkout.tommyjohn.com
touchupdirect.com,touchupdirect.com
toywiz.com,toywiz.com
trailersplus.com,parts.trailersplus.com
